Fecha,Equipo,Tipo,Jugador,Otro,Monto,Descripcion
Sin Fecha,Alcatamy eSports By,Blindaje,Comesaña,-,0,Blindaje
20/08/2025,Alcatamy eSports By,Compra,Arambarri,Morenazos FC,11292420,Compra a Morenazos FC
Sin Fecha,Alcatamy eSports By,Compra,Bryan Gil,LALIGA,3378799,Compra a LALIGA
Sin Fecha,Alcatamy eSports By,Compra,Ilaix Moriba,LALIGA,5256859,Compra a LALIGA
02/12/2025,Alcatamy eSports By,Compra,Mbappé,Visite La Manga FC,264000000,Compra a Visite La Manga FC
31/10/2025,Alcatamy eSports By,Compra,Mouriño,LALIGA,21750231,Compra a LALIGA
17/09/2025,Alcatamy eSports By,Compra,Suazo,LALIGA,6150212,Compra a LALIGA
03/10/2025,Alcatamy eSports By,Compra,Szczesny,LALIGA,6195323,Compra a LALIGA
14/08/2025,Alcatamy eSports By,Compra,Tárrega,LALIGA,11750231,Compra a LALIGA
Sin Fecha,Alcatamy eSports By,Venta,Asencio,LALIGA,5393057,Venta a LALIGA
30/08/2025,Alcatamy eSports By,Venta,Pau López,LALIGA,7783735,Venta a LALIGA
22/09/2025,Pablinistan FC,Jornada,-,Premios,8600000,Jornada 5
28/10/2025,Pablinistan FC,Jornada,-,Premios,8600000,Jornada 10
10/10/2025,GOLENCIERRO FC,Compra,Ez Abde,Alcatamy eSports By,16721064,Compra a Alcatamy eSports By
05/11/2025,GOLENCIERRO FC,Compra,Rafa Mir,LALIGA,17005000,Compra a LALIGA
20/08/2025,GOLENCIERRO FC,Once Ideal,-,Premios,200000,11 Ideal
26/11/2025,GOLENCIERRO FC,Venta,C. Alvarez,LALIGA,11951186,Venta a LALIGA
18/11/2025,Morenazos FC,Compra,Bartra,LALIGA,29200000,Compra a LALIGA
16/09/2025,Morenazos FC,Compra,Dendoncker,LALIGA,6377160,Compra a LALIGA
10/08/2025,Morenazos FC,Compra,F.,Jong de LALIGA,51029442,Compra a Jong de LALIGA
10/09/2025,Morenazos FC,Compra,Mbappé,Visite La Manga FC,167000000,Compra a Visite La Manga FC
12/08/2025,Morenazos FC,Compra,Odriozola,LALIGA,1965954,Compra a LALIGA
Sin Fecha,Pablinistan FC,Compra,Bartra,Morenazos FC,30746750,Compra a Morenazos FC
Sin Fecha,Pablinistan FC,Compra,F. Calero,GOLENCIERRO FC,1112770,Compra a GOLENCIERRO FC
28/11/2025,Pablinistan FC,Compra,Trent,LALIGA,21040452,Compra a LALIGA
Sin Fecha,Pablinistan FC,Venta,Ounahi,LALIGA,7144160,Venta a LALIGA
16/10/2025,Vigar24,Blindaje,Catena,-,0,Blindaje
28/10/2025,Vigar24,Blindaje,Catena,-,0,Blindaje
26/09/2025,Vigar24,Compra,Bellingham,LALIGA,80000001,Compra a LALIGA
14/11/2025,Vigar24,Compra,C. Romero,Morenazos FC,20354311,Compra a Morenazos FC
02/12/2025,Vigar24,Compra,Chavarría,GOLENCIERRO FC,19056522,Compra a GOLENCIERRO FC
25/11/2025,Vigar24,Compra,J. M. Giménez,GOLENCIERRO FC,26657111,Compra a GOLENCIERRO FC
22/10/2025,Vigar24,Compra,Álvaro García,Morenazos FC,26806713,Compra a Morenazos FC
03/09/2025,Vigar24,Venta,Maroan,LALIGA,6387634,Venta a LALIGA
06/08/2025,Vigar24,Venta,Sucic,LALIGA,10268041,Venta a LALIGA
16/11/2025,Visite La Manga FC,Compra,Brais Méndez,GOLENCIERRO FC,17770814,Compra a GOLENCIERRO FC
24/11/2025,Visite La Manga FC,Compra,Álvaro,LALIGA,2569941,Compra a LALIGA
01/09/2025,Alcatamy eSports By,Compra,Aarón,LALIGA,7257212,Compra a LALIGA
01/09/2025,Visite La Manga FC,Jornada,-,Premios,6500000,Jornada 3
28/10/2025,Visite La Manga FC,Jornada,-,Premios,6500000,Jornada 10
01/09/2025,Morenazos FC,Compra,A. J. Morales,LALIGA,5234140,Compra a LALIGA
01/09/2025,Pablinistan FC,Venta,Juan Iglesias,LALIGA,2620532,Venta a LALIGA
01/09/2025,Vigar24,Venta,Dani Olmo,LALIGA,44961309,Venta a LALIGA
01/10/2025,Alcatamy eSports By,Once Ideal,-,Premios,100000,11 Ideal
04/11/2025,Alcatamy eSports By,Once Ideal,-,Premios,100000,11 Ideal
10/11/2025,Alcatamy eSports By,Once Ideal,-,Premios,100000,11 Ideal
16/09/2025,Alcatamy eSports By,Once Ideal,-,Premios,100000,11 Ideal
20/08/2025,Alcatamy eSports By,Once Ideal,-,Premios,100000,11 Ideal
25/11/2025,Alcatamy eSports By,Once Ideal,-,Premios,100000,11 Ideal
28/10/2025,Alcatamy eSports By,Once Ideal,-,Premios,100000,11 Ideal
01/10/2025,Alcatamy eSports By,Jornada,-,Premios,9100000,Jornada 7
01/10/2025,GOLENCIERRO FC,Jornada,-,Premios,7400000,Jornada 7
01/10/2025,Morenazos FC,Jornada,-,Premios,5600000,Jornada 7
10/11/2025,Morenazos FC,Jornada,-,Premios,5600000,Jornada 12
01/10/2025,Pablinistan FC,Jornada,-,Premios,8500000,Jornada 7
01/10/2025,Vigar24,Jornada,-,Premios,5100000,Jornada 7
01/10/2025,Visite La Manga FC,Jornada,-,Premios,6300000,Jornada 7
01/10/2025,GOLENCIERRO FC,Once Ideal,-,Premios,100000,11 Ideal
16/09/2025,GOLENCIERRO FC,Once Ideal,-,Premios,100000,11 Ideal
22/09/2025,GOLENCIERRO FC,Once Ideal,-,Premios,100000,11 Ideal
25/11/2025,GOLENCIERRO FC,Once Ideal,-,Premios,100000,11 Ideal
26/08/2025,GOLENCIERRO FC,Once Ideal,-,Premios,100000,11 Ideal
26/09/2025,GOLENCIERRO FC,Once Ideal,-,Premios,100000,11 Ideal
01/11/2025,Alcatamy eSports By,Compra,A. Moleiro,Pablinistan FC,28494328,Compra a Pablinistan FC
01/11/2025,GOLENCIERRO FC,Compra,Brais Méndez,LALIGA,13000500,Compra a LALIGA
01/11/2025,GOLENCIERRO FC,Compra,Álvaro Nuñez,LALIGA,12000000,Compra a LALIGA
01/11/2025,GOLENCIERRO FC,Venta,Areso,LALIGA,13570195,Venta a LALIGA
01/12/2025,Alcatamy eSports By,Venta,Rashford,LALIGA,96610862,Venta a LALIGA
01/12/2025,Visite La Manga FC,Compra,Budimir,LALIGA,16437993,Compra a LALIGA
01/12/2025,Visite La Manga FC,Compra,Denis Suárez,LALIGA,631983,Compra a LALIGA
02/09/2025,Morenazos FC,Compra,Dani Calvo,LALIGA,1296487,Compra a LALIGA
02/09/2025,Morenazos FC,Compra,Darder,LALIGA,15694649,Compra a LALIGA
02/09/2025,Morenazos FC,Compra,F. Calero,LALIGA,1517486,Compra a LALIGA
02/09/2025,Morenazos FC,Compra,Febas,LALIGA,1260742,Compra a LALIGA
02/09/2025,Morenazos FC,Compra,Nacho Vidal,LALIGA,2324533,Compra a LALIGA
02/09/2025,Morenazos FC,Venta,Diego López,LALIGA,18648781,Venta a LALIGA
02/09/2025,Pablinistan FC,Blindaje,Gueye,-,0,Blindaje
02/09/2025,Vigar24,Venta,Brahim,LALIGA,21568481,Venta a LALIGA
02/10/2025,GOLENCIERRO FC,Venta,Dendoncker,LALIGA,5513228,Venta a LALIGA
02/10/2025,Morenazos FC,Blindaje,Sergio Herrera,-,0,Blindaje
06/11/2025,Morenazos FC,Blindaje,Sergio Herrera,-,0,Blindaje
11/09/2025,Morenazos FC,Blindaje,Sergio Herrera,-,0,Blindaje
02/10/2025,Morenazos FC,Compra,C. Alvarez,Alcatamy eSports By,7006164,Compra a Alcatamy eSports By
02/10/2025,Morenazos FC,Compra,C. Romero,LALIGA,14000000,Compra a LALIGA
02/10/2025,Vigar24,Blindaje,Ferran,-,0,Blindaje
16/09/2025,Vigar24,Blindaje,Ferran,-,0,Blindaje
02/10/2025,Vigar24,Compra,André Silva,Pablinistan FC,7963155,Compra a Pablinistan FC
02/10/2025,Vigar24,Compra,B. Mayoral,LALIGA,5200000,Compra a LALIGA
02/10/2025,Vigar24,Compra,Catena,Morenazos FC,27818676,Compra a Morenazos FC
02/10/2025,Vigar24,Compra,F.,Jong de LALIGA,54710854,Compra a Jong de LALIGA
02/10/2025,Vigar24,Compra,Juan Iglesias,LALIGA,3200000,Compra a LALIGA
02/10/2025,Vigar24,Compra,Marcos Llorente,Visite La Manga FC,39962224,Compra a Visite La Manga FC
02/10/2025,Vigar24,Venta,Javi Guerra,LALIGA,23998312,Venta a LALIGA
02/10/2025,Vigar24,Venta,Lo Celso,LALIGA,79363877,Venta a LALIGA
02/11/2025,Alcatamy eSports By,Compra,Vivian,LALIGA,32678825,Compra a LALIGA
02/11/2025,Pablinistan FC,Compra,Marcao,LALIGA,689998,Compra a LALIGA
02/12/2025,Alcatamy eSports By,Blindaje,Edu Expósito,-,0,Blindaje
04/11/2025,Alcatamy eSports By,Blindaje,Edu Expósito,-,0,Blindaje
18/11/2025,Alcatamy eSports By,Blindaje,Edu Expósito,-,0,Blindaje
22/09/2025,Alcatamy eSports By,Blindaje,Edu Expósito,-,0,Blindaje
22/10/2025,Alcatamy eSports By,Blindaje,Edu Expósito,-,0,Blindaje
28/10/2025,Alcatamy eSports By,Blindaje,Edu Expósito,-,0,Blindaje
02/12/2025,Alcatamy eSports By,Venta,De Frutos,LALIGA,49984702,Venta a LALIGA
02/12/2025,Alcatamy eSports By,Jornada,-,Premios,6900000,Jornada 14
02/12/2025,GOLENCIERRO FC,Jornada,-,Premios,8400000,Jornada 14
02/12/2025,Morenazos FC,Jornada,-,Premios,4000000,Jornada 14
02/12/2025,Pablinistan FC,Jornada,-,Premios,6000000,Jornada 14
02/12/2025,Vigar24,Jornada,-,Premios,8900000,Jornada 14
02/12/2025,Visite La Manga FC,Jornada,-,Premios,9400000,Jornada 14
02/12/2025,GOLENCIERRO FC,Compra,M. Aguado,LALIGA,1370698,Compra a LALIGA
02/12/2025,GOLENCIERRO FC,Compra,Moi Gómez,LALIGA,2157923,Compra a LALIGA
02/12/2025,GOLENCIERRO FC,Compra,Rondón,LALIGA,610371,Compra a LALIGA
02/12/2025,GOLENCIERRO FC,Compra,Álvaro Nuñez,Morenazos FC,16742884,Compra a Morenazos FC
02/12/2025,GOLENCIERRO FC,Venta,A. Liso,LALIGA,6624895,Venta a LALIGA
02/12/2025,Pablinistan FC,Compra,Bellingham,Vigar24,192126634,Compra a Vigar24
02/12/2025,Pablinistan FC,Compra,Lejeune,Vigar24,31172679,Compra a Vigar24
02/12/2025,Pablinistan FC,Venta,Héctor Fort,LALIGA,1031472,Venta a LALIGA
02/12/2025,Vigar24,Blindaje,Ez Abde,-,0,Blindaje
02/12/2025,Vigar24,Blindaje,L. Milla,-,0,Blindaje
19/11/2025,Vigar24,Blindaje,L. Milla,-,0,Blindaje
26/11/2025,Vigar24,Blindaje,L. Milla,-,0,Blindaje
02/12/2025,Vigar24,Compra,Lamine Yamal,GOLENCIERRO FC,293944827,Compra a GOLENCIERRO FC
02/12/2025,Vigar24,Venta,Huijsen,LALIGA,62632414,Venta a LALIGA
02/12/2025,Visite La Manga FC,Compra,Ratiu,Pablinistan FC,29560224,Compra a Pablinistan FC
02/12/2025,Visite La Manga FC,Compra,Vini Jr.,Pablinistan FC,234063387,Compra a Pablinistan FC
03/09/2025,Alcatamy eSports By,Compra,Mouriño,LALIGA,18123021,Compra a LALIGA
03/10/2025,Visite La Manga FC,Compra,Azpilicueta,LALIGA,5309642,Compra a LALIGA
03/10/2025,Visite La Manga FC,Compra,Rodrygo,LALIGA,12648275,Compra a LALIGA
03/11/2025,Alcatamy eSports By,Compra,Huijsen,LALIGA,70115149,Compra a LALIGA
03/11/2025,Alcatamy eSports By,Venta,De Frutos,LALIGA,56348384,Venta a LALIGA
03/11/2025,Pablinistan FC,Compra,Álex Baena,Alcatamy eSports By,80000000,Compra a Alcatamy eSports By
03/11/2025,Pablinistan FC,Venta,Febas,LALIGA,8701463,Venta a LALIGA
03/11/2025,Pablinistan FC,Venta,O. Sancet,LALIGA,33789471,Venta a LALIGA
03/11/2025,Pablinistan FC,Venta,Rodrygo,LALIGA,9411417,Venta a LALIGA
03/11/2025,Vigar24,Venta,Kike Salas,LALIGA,2315148,Venta a LALIGA
04/09/2025,Alcatamy eSports By,Compra,Etta Eyong,LALIGA,20256321,Compra a LALIGA
04/09/2025,Alcatamy eSports By,Venta,Huijsen,LALIGA,103246322,Venta a LALIGA
04/09/2025,GOLENCIERRO FC,Compra,Buchanan,LALIGA,20000000,Compra a LALIGA
04/09/2025,Morenazos FC,Venta,Almeida,LALIGA,3624628,Venta a LALIGA
04/09/2025,Pablinistan FC,Compra,Boyomo,Alcatamy eSports By,14671700,Compra a Alcatamy eSports By
04/09/2025,Pablinistan FC,Compra,Rafa Marín,GOLENCIERRO FC,19839388,Compra a GOLENCIERRO FC
04/09/2025,Vigar24,Compra,Antony,LALIGA,78500011,Compra a LALIGA
04/09/2025,Vigar24,Compra,Pepe,Pablinistan FC,35176521,Compra a Pablinistan FC
04/09/2025,Vigar24,Venta,Tchouaméni,LALIGA,56105809,Venta a LALIGA
04/10/2025,Alcatamy eSports By,Compra,Fornals,Pablinistan FC,41299905,Compra a Pablinistan FC
04/10/2025,Alcatamy eSports By,Venta,Boyomo,LALIGA,23449730,Venta a LALIGA
04/10/2025,Alcatamy eSports By,Venta,Mouriño,LALIGA,31340701,Venta a LALIGA
04/10/2025,Alcatamy eSports By,Venta,Rafa Mir,LALIGA,20919179,Venta a LALIGA
04/10/2025,GOLENCIERRO FC,Compra,Víctor Muñoz,Pablinistan FC,9387902,Compra a Pablinistan FC
04/10/2025,Pablinistan FC,Compra,Danjuma,LALIGA,15300050,Compra a LALIGA
04/10/2025,Vigar24,Venta,Unai Lopez,LALIGA,2581630,Venta a LALIGA
04/10/2025,Visite La Manga FC,Compra,Moncayola,Morenazos FC,6177938,Compra a Morenazos FC
04/11/2025,Alcatamy eSports By,Compra,Foyth,LALIGA,18952922,Compra a LALIGA
04/11/2025,Alcatamy eSports By,Venta,Renato Veiga,LALIGA,13582105,Venta a LALIGA
04/11/2025,Alcatamy eSports By,Jornada,-,Premios,11400000,Jornada 11
04/11/2025,GOLENCIERRO FC,Jornada,-,Premios,7800000,Jornada 11
04/11/2025,Morenazos FC,Jornada,-,Premios,7100000,Jornada 11
04/11/2025,Pablinistan FC,Jornada,-,Premios,5700000,Jornada 11
04/11/2025,Vigar24,Jornada,-,Premios,11400000,Jornada 11
04/11/2025,Visite La Manga FC,Jornada,-,Premios,6600000,Jornada 11
06/10/2025,Visite La Manga FC,Jornada,-,Premios,6600000,Jornada 8
04/11/2025,Pablinistan FC,Once Ideal,-,Premios,100000,11 Ideal
22/09/2025,Pablinistan FC,Once Ideal,-,Premios,100000,11 Ideal
26/08/2025,Pablinistan FC,Once Ideal,-,Premios,100000,11 Ideal
28/10/2025,Pablinistan FC,Once Ideal,-,Premios,100000,11 Ideal
04/11/2025,Vigar24,Compra,Fermín,LALIGA,57400001,Compra a LALIGA
04/11/2025,Vigar24,Compra,M. Casadó,LALIGA,4400046,Compra a LALIGA
04/11/2025,Vigar24,Compra,Álex Balde,LALIGA,37401440,Compra a LALIGA
04/11/2025,Vigar24,Once Ideal,-,Premios,200000,11 Ideal
26/08/2025,Vigar24,Once Ideal,-,Premios,200000,11 Ideal
04/11/2025,Visite La Manga FC,Once Ideal,-,Premios,100000,11 Ideal
06/10/2025,Visite La Manga FC,Once Ideal,-,Premios,100000,11 Ideal
10/11/2025,Visite La Manga FC,Once Ideal,-,Premios,100000,11 Ideal
16/09/2025,Visite La Manga FC,Once Ideal,-,Premios,100000,11 Ideal
20/08/2025,Visite La Manga FC,Once Ideal,-,Premios,100000,11 Ideal
22/09/2025,Visite La Manga FC,Once Ideal,-,Premios,100000,11 Ideal
05/09/2025,GOLENCIERRO FC,Compra,Eder Sarabia,LALIGA,932159,Compra a LALIGA
05/09/2025,Morenazos FC,Compra,Hancko,LALIGA,25356496,Compra a LALIGA
05/10/2025,GOLENCIERRO FC,Blindaje,Cucho,-,0,Blindaje
05/10/2025,GOLENCIERRO FC,Compra,Alexis Sánchez,Alcatamy eSports By,4805015,Compra a Alcatamy eSports By
05/10/2025,Pablinistan FC,Venta,Cayetano,LALIGA,363836,Venta a LALIGA
05/10/2025,Vigar24,Compra,German V.,LALIGA,12219601,Compra a LALIGA
05/10/2025,Vigar24,Venta,Cardona,LALIGA,35984503,Venta a LALIGA
05/10/2025,Visite La Manga FC,Compra,Bellerín,LALIGA,15854906,Compra a LALIGA
05/11/2025,GOLENCIERRO FC,Compra,Comesaña,LALIGA,8000000,Compra a LALIGA
16/08/2025,GOLENCIERRO FC,Compra,Comesaña,LALIGA,8000000,Compra a LALIGA
05/11/2025,GOLENCIERRO FC,Compra,Isi,LALIGA,26000000,Compra a LALIGA
05/11/2025,GOLENCIERRO FC,Venta,Jauregizar,LALIGA,29246606,Venta a LALIGA
05/11/2025,Vigar24,Venta,Catena,LALIGA,50816215,Venta a LALIGA
05/11/2025,Vigar24,Venta,Sow,LALIGA,916020,Venta a LALIGA
05/11/2025,Visite La Manga FC,Blindaje,Danjuma,-,0,Blindaje
06/08/2025,Morenazos FC,Compra,Vini Jr.,LALIGA,108300000,Compra a LALIGA
06/08/2025,Visite La Manga FC,Venta,Comesaña,LALIGA,7263616,Venta a LALIGA
06/08/2025,Visite La Manga FC,Venta,Conor Gallagher,LALIGA,17777192,Venta a LALIGA
06/08/2025,Visite La Manga FC,Venta,Eric,LALIGA,13483559,Venta a LALIGA
06/08/2025,Visite La Manga FC,Venta,Ferran,LALIGA,19394486,Venta a LALIGA
06/08/2025,Visite La Manga FC,Venta,Gerard,LALIGA,21269858,Venta a LALIGA
06/08/2025,Visite La Manga FC,Venta,Gorosabel,LALIGA,6872724,Venta a LALIGA
06/09/2025,GOLENCIERRO FC,Compra,Areso,Alcatamy eSports By,14132115,Compra a Alcatamy eSports By
06/09/2025,GOLENCIERRO FC,Compra,Raphinha,Alcatamy eSports By,140031541,Compra a Alcatamy eSports By
06/09/2025,GOLENCIERRO FC,Venta,De Frutos,LALIGA,21943521,Venta a LALIGA
06/09/2025,GOLENCIERRO FC,Venta,Javi Guerra,LALIGA,23021409,Venta a LALIGA
06/09/2025,Morenazos FC,Venta,Odriozola,LALIGA,1061678,Venta a LALIGA
06/09/2025,Morenazos FC,Venta,Oskarsson,LALIGA,4479408,Venta a LALIGA
06/09/2025,Pablinistan FC,Venta,Barrenetxea,LALIGA,10500733,Venta a LALIGA
06/09/2025,Vigar24,Compra,Tenaglia,LALIGA,11382382,Compra a LALIGA
06/10/2025,Alcatamy eSports By,Compra,Riedel,LALIGA,1962198,Compra a LALIGA
06/10/2025,Alcatamy eSports By,Jornada,-,Premios,6400000,Jornada 8
06/10/2025,GOLENCIERRO FC,Jornada,-,Premios,5700000,Jornada 8
06/10/2025,Morenazos FC,Jornada,-,Premios,4200000,Jornada 8
06/10/2025,Pablinistan FC,Jornada,-,Premios,9700000,Jornada 8
06/10/2025,Vigar24,Jornada,-,Premios,6100000,Jornada 8
06/10/2025,Morenazos FC,Compra,Ilaix Moriba,LALIGA,8100000,Compra a LALIGA
06/10/2025,Morenazos FC,Compra,Kounde,LALIGA,52004308,Compra a LALIGA
06/10/2025,Morenazos FC,Once Ideal,-,Premios,100000,11 Ideal
26/09/2025,Morenazos FC,Once Ideal,-,Premios,100000,11 Ideal
28/10/2025,Morenazos FC,Once Ideal,-,Premios,100000,11 Ideal
06/10/2025,Pablinistan FC,Once Ideal,-,Premios,200000,11 Ideal
21/10/2025,Pablinistan FC,Once Ideal,-,Premios,200000,11 Ideal
06/10/2025,Vigar24,Compra,Lewandowski,LALIGA,81288800,Compra a LALIGA
06/10/2025,Vigar24,Once Ideal,-,Premios,100000,11 Ideal
21/10/2025,Vigar24,Once Ideal,-,Premios,100000,11 Ideal
22/09/2025,Vigar24,Once Ideal,-,Premios,100000,11 Ideal
25/11/2025,Vigar24,Once Ideal,-,Premios,100000,11 Ideal
06/11/2025,Alcatamy eSports By,Blindaje,Aarón,-,0,Blindaje
07/10/2025,Alcatamy eSports By,Blindaje,Aarón,-,0,Blindaje
18/09/2025,Alcatamy eSports By,Blindaje,Aarón,-,0,Blindaje
22/09/2025,Alcatamy eSports By,Blindaje,Aarón,-,0,Blindaje
30/09/2025,Alcatamy eSports By,Blindaje,Aarón,-,0,Blindaje
06/11/2025,Alcatamy eSports By,Compra,Camavinga,GOLENCIERRO FC,12000000,Compra a GOLENCIERRO FC
06/11/2025,Alcatamy eSports By,Compra,Giuliano,LALIGA,73670212,Compra a LALIGA
06/11/2025,GOLENCIERRO FC,Compra,Chavarría,LALIGA,7636822,Compra a LALIGA
06/11/2025,GOLENCIERRO FC,Compra,Rubén García,Visite La Manga FC,4567395,Compra a Visite La Manga FC
06/11/2025,GOLENCIERRO FC,Compra,Samu Costa,LALIGA,3000001,Compra a LALIGA
06/11/2025,GOLENCIERRO FC,Compra,Szczesny,Alcatamy eSports By,6260601,Compra a Alcatamy eSports By
06/11/2025,GOLENCIERRO FC,Venta,Affengruber,LALIGA,31824627,Venta a LALIGA
06/11/2025,GOLENCIERRO FC,Venta,Leo Román,LALIGA,5814044,Venta a LALIGA
06/11/2025,Pablinistan FC,Blindaje,Lejeune,-,0,Blindaje
06/11/2025,Pablinistan FC,Blindaje,Ounahi,-,0,Blindaje
28/10/2025,Pablinistan FC,Blindaje,Ounahi,-,0,Blindaje
06/11/2025,Vigar24,Blindaje,André Silva,-,0,Blindaje
06/11/2025,Vigar24,Compra,Cucho,GOLENCIERRO FC,50285039,Compra a GOLENCIERRO FC
06/11/2025,Vigar24,Venta,Cabrera,LALIGA,11718099,Venta a LALIGA
07/08/2025,Alcatamy eSports By,Compra,Puado,LALIGA,38522121,Compra a LALIGA
07/08/2025,Alcatamy eSports By,Venta,Dani Rodríguez,LALIGA,7405108,Venta a LALIGA
07/08/2025,GOLENCIERRO FC,Compra,Almada,Vigar24,16170742,Compra a Vigar24
07/08/2025,GOLENCIERRO FC,Compra,Simeone,LALIGA,15000001,Compra a LALIGA
07/08/2025,GOLENCIERRO FC,Venta,Yuri,LALIGA,10677623,Venta a LALIGA
07/08/2025,Morenazos FC,Compra,Krapyvtsov,LALIGA,375545,Compra a LALIGA
07/08/2025,Pablinistan FC,Compra,E. Militão,LALIGA,33448500,Compra a LALIGA
07/08/2025,Pablinistan FC,Venta,F. Mendy,LALIGA,11293252,Venta a LALIGA
07/08/2025,Vigar24,Compra,L. Milla,GOLENCIERRO FC,10174688,Compra a GOLENCIERRO FC
07/08/2025,Vigar24,Compra,Raíllo,Pablinistan FC,24000000,Compra a Pablinistan FC
07/08/2025,Visite La Manga FC,Compra,Diakhaby,LALIGA,4654373,Compra a LALIGA
07/09/2025,Alcatamy eSports By,Compra,Bryan,LALIGA,16718905,Compra a LALIGA
07/09/2025,Alcatamy eSports By,Venta,Pablo Durán,LALIGA,604587,Venta a LALIGA
07/09/2025,Visite La Manga FC,Compra,A. Fortuño,LALIGA,673237,Compra a LALIGA
07/09/2025,Visite La Manga FC,Venta,Fran González,LALIGA,408743,Venta a LALIGA
07/10/2025,Alcatamy eSports By,Blindaje,Arda Güler,-,0,Blindaje
25/11/2025,Alcatamy eSports By,Blindaje,Arda Güler,-,0,Blindaje
07/10/2025,Alcatamy eSports By,Compra,Barrenetxea,LALIGA,39125321,Compra a LALIGA
07/10/2025,Pablinistan FC,Compra,Rafa Marín,Vigar24,36638995,Compra a Vigar24
07/10/2025,Pablinistan FC,Venta,Álvaro Nuñez,LALIGA,9369371,Venta a LALIGA
07/10/2025,Vigar24,Venta,Ferran,LALIGA,73855622,Venta a LALIGA
07/10/2025,Visite La Manga FC,Blindaje,Dmitrovic,-,0,Blindaje
25/10/2025,Visite La Manga FC,Blindaje,Dmitrovic,-,0,Blindaje
28/09/2025,Visite La Manga FC,Blindaje,Dmitrovic,-,0,Blindaje
30/09/2025,Visite La Manga FC,Blindaje,Dmitrovic,-,0,Blindaje
07/11/2025,Alcatamy eSports By,Venta,Natan,LALIGA,39874195,Venta a LALIGA
07/11/2025,GOLENCIERRO FC,Compra,Mikautadze,LALIGA,30000000,Compra a LALIGA
07/11/2025,GOLENCIERRO FC,Compra,R. Araujo,LALIGA,20000000,Compra a LALIGA
07/11/2025,Morenazos FC,Compra,Carlos V.,LALIGA,24731754,Compra a LALIGA
07/11/2025,Morenazos FC,Compra,Pathé I. Ciss,LALIGA,10748890,Compra a LALIGA
07/11/2025,Morenazos FC,Venta,Bryan Gil,LALIGA,3077548,Venta a LALIGA
07/11/2025,Vigar24,Blindaje,Rashford,-,0,Blindaje
07/11/2025,Visite La Manga FC,Compra,Becker,LALIGA,803667,Compra a LALIGA
07/11/2025,Visite La Manga FC,Compra,Papa,LALIGA,484519,Compra a LALIGA
08/08/2025,Alcatamy eSports By,Venta,Ez Abde,LALIGA,6966490,Venta a LALIGA
08/08/2025,GOLENCIERRO FC,Compra,Ayoze,LALIGA,64690971,Compra a LALIGA
08/08/2025,GOLENCIERRO FC,Venta,Sergio Gómez,LALIGA,12458239,Venta a LALIGA
08/08/2025,Vigar24,Compra,Isco,LALIGA,107158500,Compra a LALIGA
08/09/2025,Alcatamy eSports By,Compra,Lamine Yamal,Morenazos FC,150024667,Compra a Morenazos FC
08/09/2025,Morenazos FC,Compra,Rafa Romero,LALIGA,333387,Compra a LALIGA
08/09/2025,Pablinistan FC,Compra,Neyou,LALIGA,4107545,Compra a LALIGA
08/09/2025,Pablinistan FC,Compra,Swiderski,LALIGA,322667,Compra a LALIGA
08/09/2025,Visite La Manga FC,Blindaje,Mbappé,-,0,Blindaje
12/11/2025,Visite La Manga FC,Blindaje,Mbappé,-,0,Blindaje
14/11/2025,Visite La Manga FC,Blindaje,Mbappé,-,0,Blindaje
23/08/2025,Visite La Manga FC,Blindaje,Mbappé,-,0,Blindaje
25/11/2025,Visite La Manga FC,Blindaje,Mbappé,-,0,Blindaje
08/10/2025,Morenazos FC,Compra,Álvaro García,LALIGA,25321241,Compra a LALIGA
08/10/2025,Pablinistan FC,Blindaje,Etta Eyong,-,0,Blindaje
08/11/2025,Vigar24,Venta,André Silva,LALIGA,12794789,Venta a LALIGA
08/11/2025,Visite La Manga FC,Blindaje,Vargas,-,0,Blindaje
15/10/2025,Visite La Manga FC,Blindaje,Vargas,-,0,Blindaje
28/10/2025,Visite La Manga FC,Blindaje,Vargas,-,0,Blindaje
30/10/2025,Visite La Manga FC,Blindaje,Vargas,-,0,Blindaje
09/08/2025,Alcatamy eSports By,Compra,Huijsen,LALIGA,70135202,Compra a LALIGA
09/08/2025,Alcatamy eSports By,Compra,Morey,LALIGA,3371512,Compra a LALIGA
09/08/2025,Morenazos FC,Compra,Gazzaniga,LALIGA,21638466,Compra a LALIGA
09/08/2025,Morenazos FC,Venta,Camavinga,LALIGA,21920398,Venta a LALIGA
09/08/2025,Morenazos FC,Venta,J. M. Giménez,LALIGA,11667622,Venta a LALIGA
09/08/2025,Pablinistan FC,Venta,Isaac,LALIGA,7838425,Venta a LALIGA
09/08/2025,Pablinistan FC,Venta,Iván Martín,LALIGA,12781944,Venta a LALIGA
09/08/2025,Visite La Manga FC,Compra,Aleñá,LALIGA,3474134,Compra a LALIGA
09/08/2025,Visite La Manga FC,Compra,Mbappé,LALIGA,147000000,Compra a LALIGA
09/09/2025,Pablinistan FC,Compra,Gayá,LALIGA,7922564,Compra a LALIGA
09/09/2025,Pablinistan FC,Compra,Juanlu,LALIGA,2544148,Compra a LALIGA
09/09/2025,Vigar24,Compra,Vargas,LALIGA,10481237,Compra a LALIGA
09/09/2025,Vigar24,Venta,Tenaglia,LALIGA,13080184,Venta a LALIGA
09/10/2025,Alcatamy eSports By,Venta,Raíllo,LALIGA,10927407,Venta a LALIGA
09/10/2025,GOLENCIERRO FC,Venta,Griezmann,LALIGA,21663361,Venta a LALIGA
09/10/2025,Morenazos FC,Venta,Kounde,LALIGA,54463424,Venta a LALIGA
09/11/2025,Alcatamy eSports By,Compra,Rashford,Vigar24,103557466,Compra a Vigar24
09/11/2025,Alcatamy eSports By,Venta,Mouriño,LALIGA,27578819,Venta a LALIGA
09/11/2025,Alcatamy eSports By,Venta,Valverde,LALIGA,91055832,Venta a LALIGA
09/11/2025,GOLENCIERRO FC,Compra,C. Alvarez,LALIGA,11500000,Compra a LALIGA
09/11/2025,Vigar24,Venta,Carmona,LALIGA,14719049,Venta a LALIGA
09/11/2025,Visite La Manga FC,Compra,El Hilali,LALIGA,3528955,Compra a LALIGA
10/08/2025,Alcatamy eSports By,Compra,Le Normand,LALIGA,39595321,Compra a LALIGA
10/08/2025,GOLENCIERRO FC,Compra,Carmona,LALIGA,3500000,Compra a LALIGA
10/08/2025,GOLENCIERRO FC,Compra,Ferran,LALIGA,25000000,Compra a LALIGA
10/08/2025,GOLENCIERRO FC,Venta,Ayoze,LALIGA,58814834,Venta a LALIGA
10/08/2025,Pablinistan FC,Compra,Valverde,LALIGA,88783959,Compra a LALIGA
10/08/2025,Pablinistan FC,Venta,Guruzeta,LALIGA,14439315,Venta a LALIGA
10/08/2025,Vigar24,Venta,Paredes,LALIGA,10792679,Venta a LALIGA
10/08/2025,Visite La Manga FC,Compra,Marcelino,LALIGA,6242640,Compra a LALIGA
10/09/2025,Alcatamy eSports By,Blindaje,F. Mastantuono,-,0,Blindaje
10/09/2025,GOLENCIERRO FC,Compra,Bellingham,LALIGA,37000001,Compra a LALIGA
10/09/2025,GOLENCIERRO FC,Venta,Bartra,LALIGA,37781233,Venta a LALIGA
10/09/2025,Morenazos FC,Venta,R. Araujo,LALIGA,22859209,Venta a LALIGA
10/09/2025,Vigar24,Blindaje,Lo Celso,-,0,Blindaje
10/09/2025,Vigar24,Venta,Á. Carreras,LALIGA,65809247,Venta a LALIGA
10/10/2025,Alcatamy eSports By,Compra,Álex Baena,LALIGA,60000000,Compra a LALIGA
10/10/2025,Pablinistan FC,Compra,Bellingham,Vigar24,83285315,Compra a Vigar24
10/10/2025,Pablinistan FC,Compra,Rondón,LALIGA,826027,Compra a LALIGA
10/10/2025,Vigar24,Compra,Etta Eyong,Pablinistan FC,84358365,Compra a Pablinistan FC
10/10/2025,Vigar24,Venta,Lewandowski,LALIGA,68028446,Venta a LALIGA
10/11/2025,Alcatamy eSports By,Venta,Huijsen,LALIGA,72176377,Venta a LALIGA
10/11/2025,Alcatamy eSports By,Jornada,-,Premios,9000000,Jornada 12
10/11/2025,GOLENCIERRO FC,Jornada,-,Premios,6500000,Jornada 12
10/11/2025,Pablinistan FC,Jornada,-,Premios,6200000,Jornada 12
10/11/2025,Vigar24,Jornada,-,Premios,10500000,Jornada 12
10/11/2025,Visite La Manga FC,Jornada,-,Premios,6400000,Jornada 12
22/09/2025,Visite La Manga FC,Jornada,-,Premios,6400000,Jornada 5
10/11/2025,GOLENCIERRO FC,Compra,David Carmo,LALIGA,1564438,Compra a LALIGA
10/11/2025,Pablinistan FC,Compra,A. Pedraza,GOLENCIERRO FC,1000001,Compra a GOLENCIERRO FC
10/11/2025,Pablinistan FC,Compra,Lewandowski,LALIGA,76000852,Compra a LALIGA
10/11/2025,Pablinistan FC,Venta,Arnau Tenas,LALIGA,998803,Venta a LALIGA
10/11/2025,Pablinistan FC,Venta,E. Militão,LALIGA,73257423,Venta a LALIGA
10/11/2025,Pablinistan FC,Venta,Sergio Gómez,LALIGA,10352649,Venta a LALIGA
11/08/2025,Alcatamy eSports By,Compra,Trent,LALIGA,57232021,Compra a LALIGA
11/08/2025,Alcatamy eSports By,Venta,Morey,LALIGA,3374417,Venta a LALIGA
11/08/2025,Alcatamy eSports By,Venta,Ratiu,LALIGA,13834707,Venta a LALIGA
11/08/2025,Alcatamy eSports By,Venta,Rodrygo,LALIGA,22906271,Venta a LALIGA
11/08/2025,GOLENCIERRO FC,Venta,Álvaro García,LALIGA,12492045,Venta a LALIGA
11/08/2025,Pablinistan FC,Compra,Tchouaméni,LALIGA,42980400,Compra a LALIGA
11/08/2025,Pablinistan FC,Venta,Asencio,LALIGA,13438677,Venta a LALIGA
11/08/2025,Vigar24,Compra,Kike Salas,LALIGA,5500111,Compra a LALIGA
11/08/2025,Vigar24,Venta,Isco,LALIGA,95293958,Venta a LALIGA
11/09/2025,Alcatamy eSports By,Compra,Foyth,LALIGA,27895321,Compra a LALIGA
11/09/2025,Alcatamy eSports By,Venta,Almada,LALIGA,33570130,Venta a LALIGA
11/09/2025,GOLENCIERRO FC,Blindaje,Affengruber,-,0,Blindaje
17/09/2025,GOLENCIERRO FC,Blindaje,Affengruber,-,0,Blindaje
11/09/2025,GOLENCIERRO FC,Compra,Raúl,LALIGA,1202143,Compra a LALIGA
11/09/2025,Morenazos FC,Compra,Mariano,LALIGA,2871274,Compra a LALIGA
11/09/2025,Pablinistan FC,Compra,Eric,Vigar24,18355309,Compra a Vigar24
11/09/2025,Pablinistan FC,Compra,Gudelj,Alcatamy eSports By,3337651,Compra a Alcatamy eSports By
11/09/2025,Vigar24,Compra,Álvaro Nuñez,Pablinistan FC,3121940,Compra a Pablinistan FC
11/10/2025,GOLENCIERRO FC,Compra,I. Romero,LALIGA,11500000,Compra a LALIGA
11/10/2025,GOLENCIERRO FC,Compra,Jauregizar,LALIGA,21467087,Compra a LALIGA
11/10/2025,GOLENCIERRO FC,Compra,P. Martínez,LALIGA,1539896,Compra a LALIGA
11/10/2025,GOLENCIERRO FC,Compra,Witsel,LALIGA,3808838,Compra a LALIGA
11/10/2025,GOLENCIERRO FC,Venta,De Frutos,LALIGA,36232096,Venta a LALIGA
11/10/2025,Vigar24,Compra,Arnau Tenas,LALIGA,2000000,Compra a LALIGA
11/10/2025,Vigar24,Compra,Laporte,Pablinistan FC,27202250,Compra a Pablinistan FC
11/11/2025,Alcatamy eSports By,Compra,Vargas,Visite La Manga FC,53315077,Compra a Visite La Manga FC
11/11/2025,GOLENCIERRO FC,Venta,Isi,LALIGA,20414219,Venta a LALIGA
11/11/2025,GOLENCIERRO FC,Venta,Pere Milla,LALIGA,17825029,Venta a LALIGA
11/11/2025,GOLENCIERRO FC,Venta,Rafa Mir,LALIGA,16452722,Venta a LALIGA
11/11/2025,Pablinistan FC,Compra,Júnior R.,Vigar24,29734312,Compra a Vigar24
11/11/2025,Pablinistan FC,Venta,F. De Jong,LALIGA,62898311,Venta a LALIGA
11/11/2025,Vigar24,Venta,M. Casadó,LALIGA,4775091,Venta a LALIGA
11/11/2025,Vigar24,Venta,Álex Balde,LALIGA,38347859,Venta a LALIGA
12/08/2025,Morenazos FC,Venta,Lunin,LALIGA,5059871,Venta a LALIGA
12/08/2025,Pablinistan FC,Compra,Asano,LALIGA,3566689,Compra a LALIGA
12/08/2025,Pablinistan FC,Compra,Juan Iglesias,LALIGA,1334986,Compra a LALIGA
12/08/2025,Pablinistan FC,Compra,T. Martinez,LALIGA,2069876,Compra a LALIGA
12/08/2025,Pablinistan FC,Venta,Christensen,LALIGA,10287690,Venta a LALIGA
12/08/2025,Visite La Manga FC,Compra,José Bordalás,LALIGA,2604720,Compra a LALIGA
12/08/2025,Visite La Manga FC,Compra,Marcos Llorente,LALIGA,39962224,Compra a LALIGA
12/09/2025,Alcatamy eSports By,Compra,Lewandowski,LALIGA,58453935,Compra a LALIGA
12/09/2025,Alcatamy eSports By,Venta,Isi,LALIGA,45736998,Venta a LALIGA
12/09/2025,GOLENCIERRO FC,Compra,Johnny,LALIGA,23976030,Compra a LALIGA
12/09/2025,GOLENCIERRO FC,Venta,Aimar,LALIGA,15772581,Venta a LALIGA
12/09/2025,GOLENCIERRO FC,Venta,Jauregizar,LALIGA,12499205,Venta a LALIGA
12/09/2025,Pablinistan FC,Compra,Pol Lozano,LALIGA,1357857,Compra a LALIGA
12/10/2025,GOLENCIERRO FC,Compra,Sergio Gómez,LALIGA,6200001,Compra a LALIGA
12/11/2025,Alcatamy eSports By,Compra,Á. Carreras,Vigar24,74713885,Compra a Vigar24
12/11/2025,Alcatamy eSports By,Venta,Vivian,LALIGA,31797584,Venta a LALIGA
12/11/2025,GOLENCIERRO FC,Compra,Pepe,LALIGA,82050000,Compra a LALIGA
12/11/2025,GOLENCIERRO FC,Venta,Mikautadze,LALIGA,26424472,Venta a LALIGA
13/08/2025,Alcatamy eSports By,Compra,Pablo Durán,LALIGA,956502,Compra a LALIGA
13/08/2025,GOLENCIERRO FC,Venta,Kike García,LALIGA,8440798,Venta a LALIGA
13/08/2025,Pablinistan FC,Compra,Gonzalo,LALIGA,12054400,Compra a LALIGA
13/09/2025,Alcatamy eSports By,Compra,De Frutos,LALIGA,25864255,Compra a LALIGA
13/09/2025,Visite La Manga FC,Compra,Carvajal,LALIGA,24577933,Compra a LALIGA
13/10/2025,GOLENCIERRO FC,Venta,Witsel,LALIGA,3826846,Venta a LALIGA
13/10/2025,Pablinistan FC,Compra,Dela,Morenazos FC,1178381,Compra a Morenazos FC
13/10/2025,Pablinistan FC,Compra,Juan Carlos,LALIGA,600010,Compra a LALIGA
13/10/2025,Pablinistan FC,Venta,Dani Olmo,LALIGA,46222282,Venta a LALIGA
13/10/2025,Vigar24,Compra,Pepe,Alcatamy eSports By,84022101,Compra a Alcatamy eSports By
13/11/2025,GOLENCIERRO FC,Venta,Szczesny,LALIGA,5709351,Venta a LALIGA
13/11/2025,Pablinistan FC,Compra,Germán,LALIGA,510078,Compra a LALIGA
14/08/2025,Alcatamy eSports By,Compra,A. Roca,LALIGA,331419,Compra a LALIGA
14/08/2025,Alcatamy eSports By,Compra,Hugo Duro,LALIGA,19850231,Compra a LALIGA
14/08/2025,Alcatamy eSports By,Venta,Fran García,LALIGA,10980858,Venta a LALIGA
14/08/2025,Alcatamy eSports By,Venta,Puado,LALIGA,39762476,Venta a LALIGA
14/08/2025,Morenazos FC,Compra,Carlos Corberán,LALIGA,938967,Compra a LALIGA
14/08/2025,Morenazos FC,Venta,Gavi,LALIGA,19280451,Venta a LALIGA
14/08/2025,Vigar24,Compra,Hansi Flick,LALIGA,16000000,Compra a LALIGA
14/08/2025,Vigar24,Compra,Lo Celso,LALIGA,55500000,Compra a LALIGA
14/08/2025,Visite La Manga FC,Compra,Asano,Pablinistan FC,4200000,Compra a Pablinistan FC
14/08/2025,Visite La Manga FC,Compra,Foulquier,LALIGA,5575472,Compra a LALIGA
14/09/2025,Alcatamy eSports By,Compra,Kumbulla,LALIGA,1854989,Compra a LALIGA
14/09/2025,Alcatamy eSports By,Compra,Nico Gonzalez,LALIGA,19391865,Compra a LALIGA
14/09/2025,Alcatamy eSports By,Venta,F. Mastantuono,LALIGA,46907364,Venta a LALIGA
14/09/2025,GOLENCIERRO FC,Venta,Bellingham,LALIGA,40585838,Venta a LALIGA
14/09/2025,Morenazos FC,Compra,Catena,GOLENCIERRO FC,19788685,Compra a GOLENCIERRO FC
14/09/2025,Morenazos FC,Compra,Pathé I. Ciss,Visite La Manga FC,6707070,Compra a Visite La Manga FC
14/09/2025,Morenazos FC,Venta,Hancko,LALIGA,24883684,Venta a LALIGA
14/09/2025,Pablinistan FC,Compra,V. Rosier,Visite La Manga FC,16431853,Compra a Visite La Manga FC
14/09/2025,Pablinistan FC,Venta,Neyou,LALIGA,3973618,Venta a LALIGA
14/09/2025,Visite La Manga FC,Compra,E. Militão,Pablinistan FC,46854910,Compra a Pablinistan FC
14/10/2025,GOLENCIERRO FC,Compra,Juanlu,LALIGA,2252718,Compra a LALIGA
14/10/2025,GOLENCIERRO FC,Venta,Valjent,LALIGA,6281369,Venta a LALIGA
14/11/2025,GOLENCIERRO FC,Compra,Akor,LALIGA,1283181,Compra a LALIGA
14/11/2025,Pablinistan FC,Compra,Ratiu,Visite La Manga FC,20198213,Compra a Visite La Manga FC
14/11/2025,Vigar24,Compra,Cayetano,LALIGA,496429,Compra a LALIGA
14/11/2025,Vigar24,Compra,Danjuma,Visite La Manga FC,27522836,Compra a Visite La Manga FC
14/11/2025,Vigar24,Compra,Fornals,Pablinistan FC,81000421,Compra a Pablinistan FC
14/11/2025,Vigar24,Compra,Lejeune,Pablinistan FC,24300100,Compra a Pablinistan FC
15/08/2025,Morenazos FC,Compra,Sergio Herrera,LALIGA,23500000,Compra a LALIGA
15/08/2025,Morenazos FC,Venta,Gazzaniga,LALIGA,21608219,Venta a LALIGA
15/08/2025,Morenazos FC,Venta,Giuliano,LALIGA,28644277,Venta a LALIGA
15/08/2025,Morenazos FC,Venta,Moi Gómez,LALIGA,5184358,Venta a LALIGA
15/08/2025,Pablinistan FC,Compra,Coba,LALIGA,402172,Compra a LALIGA
15/08/2025,Pablinistan FC,Compra,Luengo,LALIGA,994292,Compra a LALIGA
15/08/2025,Vigar24,Compra,Le Normand,Alcatamy eSports By,39749512,Compra a Alcatamy eSports By
15/09/2025,Alcatamy eSports By,Venta,Bryan,LALIGA,16348287,Venta a LALIGA
15/09/2025,GOLENCIERRO FC,Compra,Aimar,LALIGA,14374072,Compra a LALIGA
15/09/2025,GOLENCIERRO FC,Compra,Arambarri,Alcatamy eSports By,14792420,Compra a Alcatamy eSports By
15/09/2025,GOLENCIERRO FC,Compra,I. Romero,Vigar24,2581582,Compra a Vigar24
15/09/2025,Vigar24,Compra,Manuel Fernández,LALIGA,1000001,Compra a LALIGA
15/09/2025,Vigar24,Compra,Rioja,Morenazos FC,17879067,Compra a Morenazos FC
15/09/2025,Vigar24,Venta,Riquelme,LALIGA,33099317,Venta a LALIGA
15/10/2025,Pablinistan FC,Compra,Febas,Visite La Manga FC,5971877,Compra a Visite La Manga FC
15/11/2025,GOLENCIERRO FC,Compra,Aitor Fdez,LALIGA,534520,Compra a LALIGA
15/11/2025,Pablinistan FC,Venta,Germán,LALIGA,542406,Venta a LALIGA
15/11/2025,Vigar24,Compra,Courtois,LALIGA,50000000,Compra a LALIGA
15/11/2025,Vigar24,Compra,E. Militão,LALIGA,68933201,Compra a LALIGA
15/11/2025,Visite La Manga FC,Compra,A. Moleiro,Alcatamy eSports By,42853073,Compra a Alcatamy eSports By
16/08/2025,Alcatamy eSports By,Compra,C. Alvarez,LALIGA,1264969,Compra a LALIGA
16/08/2025,Alcatamy eSports By,Venta,Hugo Duro,LALIGA,20422279,Venta a LALIGA
16/08/2025,Morenazos FC,Compra,Tsygankov,LALIGA,14792570,Compra a LALIGA
16/08/2025,Pablinistan FC,Compra,Gueye,LALIGA,7899966,Compra a LALIGA
16/08/2025,Pablinistan FC,Compra,Júnior R.,LALIGA,9968000,Compra a LALIGA
16/08/2025,Pablinistan FC,Venta,Sivera,LALIGA,9420365,Venta a LALIGA
16/09/2025,Alcatamy eSports By,Compra,Rafa Mir,LALIGA,17362312,Compra a LALIGA
16/09/2025,Alcatamy eSports By,Jornada,-,Premios,6200000,Jornada 4
16/09/2025,GOLENCIERRO FC,Jornada,-,Premios,6600000,Jornada 4
16/09/2025,Morenazos FC,Jornada,-,Premios,7500000,Jornada 4
16/09/2025,Pablinistan FC,Jornada,-,Premios,4400000,Jornada 4
16/09/2025,Vigar24,Jornada,-,Premios,6200000,Jornada 4
16/09/2025,Visite La Manga FC,Jornada,-,Premios,7800000,Jornada 4
16/09/2025,GOLENCIERRO FC,Compra,Cucho,Alcatamy eSports By,10296859,Compra a Alcatamy eSports By
16/09/2025,GOLENCIERRO FC,Compra,Febas,Morenazos FC,2019738,Compra a Morenazos FC
16/09/2025,GOLENCIERRO FC,Compra,German V.,Vigar24,10791271,Compra a Vigar24
16/09/2025,GOLENCIERRO FC,Venta,Aimar,LALIGA,12969229,Venta a LALIGA
16/09/2025,GOLENCIERRO FC,Venta,Johnny,LALIGA,20850485,Venta a LALIGA
16/09/2025,Morenazos FC,Once Ideal,-,Premios,200000,11 Ideal
16/09/2025,Vigar24,Compra,R. Mendoza,LALIGA,4172591,Compra a LALIGA
16/10/2025,Alcatamy eSports By,Compra,C. Alvarez,Morenazos FC,8089164,Compra a Morenazos FC
16/10/2025,GOLENCIERRO FC,Compra,Arambarri,Visite La Manga FC,16752642,Compra a Visite La Manga FC
16/10/2025,GOLENCIERRO FC,Compra,J. M. Giménez,LALIGA,1759951,Compra a LALIGA
16/10/2025,GOLENCIERRO FC,Venta,P. Martínez,LALIGA,1308020,Venta a LALIGA
16/10/2025,GOLENCIERRO FC,Venta,Raúl,LALIGA,932709,Venta a LALIGA
16/10/2025,Morenazos FC,Compra,Blanco,Visite La Manga FC,7389292,Compra a Visite La Manga FC
16/10/2025,Pablinistan FC,Blindaje,Ratiu,-,0,Blindaje
16/10/2025,Pablinistan FC,Compra,Iñaki Peña,GOLENCIERRO FC,7585002,Compra a GOLENCIERRO FC
16/10/2025,Pablinistan FC,Compra,Marcos Llorente,Vigar24,51688096,Compra a Vigar24
16/10/2025,Visite La Manga FC,Compra,Ferrer,LALIGA,472188,Compra a LALIGA
16/10/2025,Visite La Manga FC,Compra,Hassan,GOLENCIERRO FC,9705843,Compra a GOLENCIERRO FC
16/10/2025,Visite La Manga FC,Compra,Pathé I. Ciss,GOLENCIERRO FC,14518023,Compra a GOLENCIERRO FC
16/11/2025,Alcatamy eSports By,Compra,A. Moleiro,Visite La Manga FC,44479882,Compra a Visite La Manga FC
16/11/2025,GOLENCIERRO FC,Compra,F. Calero,LALIGA,1112770,Compra a LALIGA
16/11/2025,Morenazos FC,Compra,Brahim,LALIGA,6013622,Compra a LALIGA
16/11/2025,Morenazos FC,Compra,Álvaro Nuñez,GOLENCIERRO FC,14024506,Compra a GOLENCIERRO FC
16/11/2025,Pablinistan FC,Compra,Amrabat,Alcatamy eSports By,8208950,Compra a Alcatamy eSports By
16/11/2025,Pablinistan FC,Compra,Maffeo,Visite La Manga FC,3050000,Compra a Visite La Manga FC
16/11/2025,Visite La Manga FC,Compra,Muriqi,Morenazos FC,20924810,Compra a Morenazos FC
16/11/2025,Visite La Manga FC,Compra,Ounahi,Pablinistan FC,14426357,Compra a Pablinistan FC
16/11/2025,Visite La Manga FC,Compra,Vargas,Alcatamy eSports By,53315077,Compra a Alcatamy eSports By
17/08/2025,Alcatamy eSports By,Compra,Raphinha,LALIGA,118645283,Compra a LALIGA
17/08/2025,Alcatamy eSports By,Venta,Darder,LALIGA,16687246,Venta a LALIGA
17/08/2025,Alcatamy eSports By,Venta,Natan,LALIGA,17294901,Venta a LALIGA
17/08/2025,Alcatamy eSports By,Venta,Pablo Torre,LALIGA,10003807,Venta a LALIGA
17/08/2025,Alcatamy eSports By,Venta,Rioja,LALIGA,17594791,Venta a LALIGA
17/08/2025,Visite La Manga FC,Compra,Hassan,LALIGA,3987843,Compra a LALIGA
17/09/2025,Alcatamy eSports By,Compra,Laporte,LALIGA,26653212,Compra a LALIGA
17/09/2025,GOLENCIERRO FC,Blindaje,Leo Román,-,0,Blindaje
21/10/2025,GOLENCIERRO FC,Blindaje,Leo Román,-,0,Blindaje
17/09/2025,Vigar24,Venta,Rioja,LALIGA,18022309,Venta a LALIGA
17/10/2025,GOLENCIERRO FC,Compra,Arriaga,LALIGA,1200000,Compra a LALIGA
17/10/2025,Pablinistan FC,Venta,Juan Carlos,LALIGA,569939,Venta a LALIGA
17/10/2025,Vigar24,Compra,De Frutos,LALIGA,35876699,Compra a LALIGA
17/10/2025,Vigar24,Compra,Yuri,LALIGA,14853917,Compra a LALIGA
17/11/2025,Alcatamy eSports By,Compra,Asencio,LALIGA,3582439,Compra a LALIGA
17/11/2025,Alcatamy eSports By,Compra,Oyarzabal,LALIGA,66432121,Compra a LALIGA
17/11/2025,GOLENCIERRO FC,Compra,Witsel,LALIGA,4366094,Compra a LALIGA
18/09/2025,Alcatamy eSports By,Blindaje,Etta Eyong,-,0,Blindaje
18/09/2025,Alcatamy eSports By,Venta,Foyth,LALIGA,27384173,Venta a LALIGA
18/09/2025,GOLENCIERRO FC,Compra,Berenguer,Pablinistan FC,31474933,Compra a Pablinistan FC
18/09/2025,Pablinistan FC,Blindaje,Júnior R.,-,0,Blindaje
21/09/2025,Pablinistan FC,Blindaje,Júnior R.,-,0,Blindaje
18/09/2025,Pablinistan FC,Compra,André Silva,LALIGA,4280996,Compra a LALIGA
18/09/2025,Pablinistan FC,Compra,C. Soler,LALIGA,17952500,Compra a LALIGA
18/09/2025,Pablinistan FC,Compra,Víctor Muñoz,Visite La Manga FC,2551415,Compra a Visite La Manga FC
18/09/2025,Pablinistan FC,Venta,Gayá,LALIGA,6402203,Venta a LALIGA
18/09/2025,Pablinistan FC,Venta,Pol Lozano,LALIGA,1220194,Venta a LALIGA
18/09/2025,Vigar24,Blindaje,Pepe,-,0,Blindaje
19/08/2025,Vigar24,Blindaje,Pepe,-,0,Blindaje
18/09/2025,Vigar24,Compra,Buchanan,GOLENCIERRO FC,30313932,Compra a GOLENCIERRO FC
18/10/2025,Vigar24,Compra,Cabrera,LALIGA,8200011,Compra a LALIGA
18/10/2025,Vigar24,Compra,Carmona,LALIGA,10664400,Compra a LALIGA
18/11/2025,Alcatamy eSports By,Blindaje,Julián Alvarez,-,0,Blindaje
25/11/2025,Alcatamy eSports By,Blindaje,Julián Alvarez,-,0,Blindaje
18/11/2025,Alcatamy eSports By,Compra,Fermín,Vigar24,73548197,Compra a Vigar24
18/11/2025,Alcatamy eSports By,Venta,Camavinga,LALIGA,11339379,Venta a LALIGA
18/11/2025,Alcatamy eSports By,Venta,Giuliano,LALIGA,75515680,Venta a LALIGA
18/11/2025,Pablinistan FC,Blindaje,Isco,-,0,Blindaje
18/11/2025,Pablinistan FC,Blindaje,Álex Baena,-,0,Blindaje
25/11/2025,Pablinistan FC,Blindaje,Álex Baena,-,0,Blindaje
19/08/2025,Alcatamy eSports By,Blindaje,Brais Méndez,-,0,Blindaje
21/08/2025,Alcatamy eSports By,Blindaje,Brais Méndez,-,0,Blindaje
19/08/2025,GOLENCIERRO FC,Blindaje,De Frutos,-,0,Blindaje
19/08/2025,Pablinistan FC,Blindaje,A. Moleiro,-,0,Blindaje
21/10/2025,Pablinistan FC,Blindaje,A. Moleiro,-,0,Blindaje
28/10/2025,Pablinistan FC,Blindaje,A. Moleiro,-,0,Blindaje
19/08/2025,Pablinistan FC,Venta,Pepelu,LALIGA,13070803,Venta a LALIGA
19/08/2025,Pablinistan FC,Venta,Valverde,LALIGA,95114065,Venta a LALIGA
19/08/2025,Vigar24,Venta,Carlos V.,LALIGA,18796911,Venta a LALIGA
19/08/2025,Vigar24,Venta,Paredes,LALIGA,9934947,Venta a LALIGA
19/08/2025,Visite La Manga FC,Blindaje,Raba,-,0,Blindaje
19/09/2025,Pablinistan FC,Compra,Iago Aspas,LALIGA,20155555,Compra a LALIGA
19/09/2025,Pablinistan FC,Compra,Ounahi,LALIGA,866657,Compra a LALIGA
19/09/2025,Visite La Manga FC,Compra,Altimira,LALIGA,24000000,Compra a LALIGA
19/09/2025,Visite La Manga FC,Compra,Léo Pétrot,LALIGA,659353,Compra a LALIGA
19/10/2025,Pablinistan FC,Compra,Rodrygo,Visite La Manga FC,12648275,Compra a Visite La Manga FC
19/10/2025,Visite La Manga FC,Compra,Ratiu,Pablinistan FC,19910000,Compra a Pablinistan FC
19/10/2025,Visite La Manga FC,Venta,Bellerín,LALIGA,23602827,Venta a LALIGA
19/11/2025,Alcatamy eSports By,Compra,Comesaña,GOLENCIERRO FC,13257566,Compra a GOLENCIERRO FC
19/11/2025,Alcatamy eSports By,Compra,Montero,LALIGA,519048,Compra a LALIGA
19/11/2025,Alcatamy eSports By,Venta,Mestre,LALIGA,515461,Venta a LALIGA
19/11/2025,Alcatamy eSports By,Venta,Riedel,LALIGA,3258835,Venta a LALIGA
19/11/2025,Vigar24,Blindaje,Marcos Llorente,-,0,Blindaje
19/11/2025,Vigar24,Compra,Lo Celso,LALIGA,53450000,Compra a LALIGA
19/11/2025,Vigar24,Venta,E. Militão,LALIGA,68409423,Venta a LALIGA
20/08/2025,Alcatamy eSports By,Compra,Barrenetxea,LALIGA,4892148,Compra a LALIGA
20/08/2025,Alcatamy eSports By,Venta,Trent,LALIGA,66400501,Venta a LALIGA
20/08/2025,Alcatamy eSports By,Jornada,-,Premios,6700000,Jornada 1
20/08/2025,GOLENCIERRO FC,Jornada,-,Premios,10600000,Jornada 1
20/08/2025,Morenazos FC,Jornada,-,Premios,4500000,Jornada 1
20/08/2025,Pablinistan FC,Jornada,-,Premios,6100000,Jornada 1
20/08/2025,Vigar24,Jornada,-,Premios,6900000,Jornada 1
20/08/2025,Visite La Manga FC,Jornada,-,Premios,7700000,Jornada 1
20/08/2025,GOLENCIERRO FC,Venta,Carmona,LALIGA,2229164,Venta a LALIGA
20/08/2025,Morenazos FC,Compra,Sergio Francisco,LALIGA,6715735,Compra a LALIGA
20/08/2025,Pablinistan FC,Compra,Vini Jr.,Morenazos FC,108300000,Compra a Morenazos FC
20/08/2025,Pablinistan FC,Venta,Gonzalo,LALIGA,13286187,Venta a LALIGA
20/08/2025,Pablinistan FC,Venta,Parejo,LALIGA,12920300,Venta a LALIGA
20/08/2025,Vigar24,Compra,Arda Güler,LALIGA,81320000,Compra a LALIGA
20/09/2025,Alcatamy eSports By,Compra,Alexis Sánchez,LALIGA,4375212,Compra a LALIGA
20/09/2025,Alcatamy eSports By,Compra,Boyomo,Pablinistan FC,21027506,Compra a Pablinistan FC
20/09/2025,Alcatamy eSports By,Compra,Ez Abde,LALIGA,3489303,Compra a LALIGA
20/09/2025,Alcatamy eSports By,Venta,Ilaix Moriba,LALIGA,5646357,Venta a LALIGA
20/09/2025,Morenazos FC,Compra,Mikautadze,LALIGA,28972463,Compra a LALIGA
20/09/2025,Morenazos FC,Compra,Moncayola,LALIGA,5300000,Compra a LALIGA
20/09/2025,Pablinistan FC,Compra,Etta Eyong,Alcatamy eSports By,48046785,Compra a Alcatamy eSports By
20/09/2025,Pablinistan FC,Compra,Fornals,Visite La Manga FC,27980278,Compra a Visite La Manga FC
20/09/2025,Pablinistan FC,Compra,L. Milla,Visite La Manga FC,39147942,Compra a Visite La Manga FC
20/09/2025,Pablinistan FC,Venta,Juanlu,LALIGA,3338116,Venta a LALIGA
20/09/2025,Pablinistan FC,Venta,V. Rosier,LALIGA,19891402,Venta a LALIGA
20/09/2025,Visite La Manga FC,Blindaje,Hassan,-,0,Blindaje
20/09/2025,Visite La Manga FC,Compra,Gueye,Pablinistan FC,34193668,Compra a Pablinistan FC
20/10/2025,Alcatamy eSports By,Venta,C. Alvarez,LALIGA,10441480,Venta a LALIGA
20/10/2025,GOLENCIERRO FC,Compra,Camavinga,LALIGA,12000000,Compra a LALIGA
20/10/2025,Pablinistan FC,Compra,Lejeune,LALIGA,19900100,Compra a LALIGA
20/10/2025,Pablinistan FC,Venta,F. Calero,LALIGA,1859469,Venta a LALIGA
20/10/2025,Visite La Manga FC,Compra,Danjuma,Pablinistan FC,24889516,Compra a Pablinistan FC
20/10/2025,Visite La Manga FC,Venta,Moncayola,LALIGA,6617703,Venta a LALIGA
20/11/2025,Vigar24,Compra,Giuliano,LALIGA,76000001,Compra a LALIGA
21/08/2025,Alcatamy eSports By,Compra,Boyomo,LALIGA,11459953,Compra a LALIGA
21/08/2025,Alcatamy eSports By,Compra,Krapyvtsov,Morenazos FC,1000000,Compra a Morenazos FC
21/08/2025,GOLENCIERRO FC,Blindaje,Nyland,-,0,Blindaje
21/08/2025,GOLENCIERRO FC,Compra,D. Cárdenas,LALIGA,800000,Compra a LALIGA
21/08/2025,GOLENCIERRO FC,Compra,Iñaki Williams,LALIGA,65000000,Compra a LALIGA
21/08/2025,GOLENCIERRO FC,Compra,Rafa Marín,LALIGA,11000000,Compra a LALIGA
21/08/2025,Pablinistan FC,Blindaje,E. Militão,-,0,Blindaje
21/08/2025,Pablinistan FC,Compra,Pepe,Vigar24,21184896,Compra a Vigar24
21/08/2025,Visite La Manga FC,Compra,Dmitrovic,Vigar24,11325763,Compra a Vigar24
21/08/2025,Visite La Manga FC,Venta,Diakhaby,LALIGA,3309205,Venta a LALIGA
21/09/2025,Alcatamy eSports By,Compra,Bartra,LALIGA,46796595,Compra a LALIGA
21/09/2025,GOLENCIERRO FC,Compra,B. Iglesias,LALIGA,8729511,Compra a LALIGA
21/09/2025,Morenazos FC,Venta,Marcos Alonso,LALIGA,9515205,Venta a LALIGA
21/09/2025,Morenazos FC,Venta,Mikautadze,LALIGA,31509878,Venta a LALIGA
21/09/2025,Pablinistan FC,Compra,F. Calero,Morenazos FC,2005016,Compra a Morenazos FC
21/09/2025,Pablinistan FC,Compra,Ratiu,LALIGA,15688000,Compra a LALIGA
21/09/2025,Pablinistan FC,Venta,C. Soler,LALIGA,18078828,Venta a LALIGA
21/09/2025,Vigar24,Compra,Javi Guerra,LALIGA,21272086,Compra a LALIGA
21/10/2025,Alcatamy eSports By,Blindaje,Fornals,-,0,Blindaje
21/10/2025,Alcatamy eSports By,Compra,Renato Veiga,LALIGA,13752321,Compra a LALIGA
21/10/2025,Alcatamy eSports By,Jornada,-,Premios,8200000,Jornada 9
21/10/2025,GOLENCIERRO FC,Jornada,-,Premios,4900000,Jornada 9
21/10/2025,Morenazos FC,Jornada,-,Premios,5400000,Jornada 9
21/10/2025,Pablinistan FC,Jornada,-,Premios,8100000,Jornada 9
26/09/2025,Pablinistan FC,Jornada,-,Premios,8100000,Jornada 6
21/10/2025,Vigar24,Jornada,-,Premios,9900000,Jornada 9
21/10/2025,Visite La Manga FC,Jornada,-,Premios,8700000,Jornada 9
21/10/2025,GOLENCIERRO FC,Blindaje,Lamine Yamal,-,0,Blindaje
28/10/2025,GOLENCIERRO FC,Blindaje,Lamine Yamal,-,0,Blindaje
21/10/2025,GOLENCIERRO FC,Compra,Gorrotxa,LALIGA,3000000,Compra a LALIGA
21/10/2025,GOLENCIERRO FC,Venta,Alexis Sánchez,LALIGA,8028088,Venta a LALIGA
21/10/2025,Pablinistan FC,Blindaje,Rafa Marín,-,0,Blindaje
21/10/2025,Pablinistan FC,Compra,German V.,Vigar24,16909285,Compra a Vigar24
21/10/2025,Vigar24,Blindaje,F. De Jong,-,0,Blindaje
21/10/2025,Vigar24,Blindaje,Pedri,-,0,Blindaje
21/10/2025,Vigar24,Venta,Pepe,LALIGA,84765731,Venta a LALIGA
21/10/2025,Vigar24,Venta,Yuri,LALIGA,16443351,Venta a LALIGA
21/10/2025,Visite La Manga FC,Blindaje,Tárrega,-,0,Blindaje
21/10/2025,Visite La Manga FC,Compra,Rubén García,LALIGA,3770765,Compra a LALIGA
22/09/2025,Alcatamy eSports By,Once Ideal,-,Premios,200000,11 Ideal
26/09/2025,Alcatamy eSports By,Once Ideal,-,Premios,200000,11 Ideal
22/09/2025,Alcatamy eSports By,Jornada,-,Premios,8300000,Jornada 5
22/09/2025,GOLENCIERRO FC,Jornada,-,Premios,8300000,Jornada 5
22/09/2025,Morenazos FC,Jornada,-,Premios,5900000,Jornada 5
22/09/2025,Vigar24,Jornada,-,Premios,9300000,Jornada 5
22/09/2025,GOLENCIERRO FC,Blindaje,Tárrega,-,0,Blindaje
24/09/2025,GOLENCIERRO FC,Blindaje,Tárrega,-,0,Blindaje
22/09/2025,Morenazos FC,Compra,Foulquier,Visite La Manga FC,7716890,Compra a Visite La Manga FC
22/09/2025,Vigar24,Blindaje,Agirrezabala,-,0,Blindaje
24/09/2025,Vigar24,Blindaje,Agirrezabala,-,0,Blindaje
22/09/2025,Vigar24,Compra,Rafa Marín,LALIGA,31500000,Compra a LALIGA
22/09/2025,Visite La Manga FC,Compra,A. Batalla,Vigar24,13000000,Compra a Vigar24
22/09/2025,Visite La Manga FC,Compra,A. J. Morales,Morenazos FC,5234140,Compra a Morenazos FC
22/09/2025,Visite La Manga FC,Compra,Pepe,Vigar24,71317282,Compra a Vigar24
22/10/2025,GOLENCIERRO FC,Compra,A. Pedraza,LALIGA,1000001,Compra a LALIGA
22/10/2025,Pablinistan FC,Compra,O. Sancet,LALIGA,34306837,Compra a LALIGA
22/10/2025,Pablinistan FC,Venta,Júnior R.,LALIGA,17563342,Venta a LALIGA
22/10/2025,Vigar24,Venta,B. Mayoral,LALIGA,6721329,Venta a LALIGA
22/10/2025,Vigar24,Venta,Etta Eyong,LALIGA,102256908,Venta a LALIGA
22/11/2025,Alcatamy eSports By,Compra,De Frutos,LALIGA,45920096,Compra a LALIGA
22/11/2025,GOLENCIERRO FC,Compra,V. Chust,LALIGA,1000000,Compra a LALIGA
22/11/2025,Vigar24,Venta,Giuliano,LALIGA,79473897,Venta a LALIGA
23/08/2025,Morenazos FC,Compra,Lemar,LALIGA,4493526,Compra a LALIGA
23/08/2025,Vigar24,Compra,Brahim,LALIGA,17119939,Compra a LALIGA
23/08/2025,Vigar24,Venta,Kike Barja,LALIGA,1191007,Venta a LALIGA
23/10/2025,Alcatamy eSports By,Compra,Julián Alvarez,LALIGA,131745458,Compra a LALIGA
23/10/2025,Alcatamy eSports By,Venta,Barrenetxea,LALIGA,52811031,Venta a LALIGA
23/10/2025,GOLENCIERRO FC,Compra,Pere Milla,Morenazos FC,17611318,Compra a Morenazos FC
23/10/2025,GOLENCIERRO FC,Venta,Arambarri,LALIGA,15816552,Venta a LALIGA
23/10/2025,GOLENCIERRO FC,Venta,B. Iglesias,LALIGA,16799479,Venta a LALIGA
23/10/2025,GOLENCIERRO FC,Venta,I. Romero,LALIGA,11350782,Venta a LALIGA
23/10/2025,Visite La Manga FC,Venta,M. Narváez,LALIGA,602077,Venta a LALIGA
23/11/2025,Alcatamy eSports By,Compra,Gayá,LALIGA,2753766,Compra a LALIGA
23/11/2025,Vigar24,Venta,Lo Celso,LALIGA,57965083,Venta a LALIGA
24/08/2025,Vigar24,Compra,Agirrezabala,LALIGA,10000000,Compra a LALIGA
24/08/2025,Vigar24,Venta,R. Terrats,LALIGA,4235363,Venta a LALIGA
24/08/2025,Vigar24,Venta,Raíllo,LALIGA,19819938,Venta a LALIGA
24/08/2025,Visite La Manga FC,Compra,Blanco,LALIGA,6141811,Compra a LALIGA
24/08/2025,Visite La Manga FC,Venta,J. Mojica,LALIGA,14254186,Venta a LALIGA
24/09/2025,GOLENCIERRO FC,Compra,Lamine Yamal,Alcatamy eSports By,200024667,Compra a Alcatamy eSports By
24/09/2025,GOLENCIERRO FC,Venta,Comesaña,LALIGA,5559993,Venta a LALIGA
24/09/2025,Morenazos FC,Compra,Raphinha,GOLENCIERRO FC,190031541,Compra a GOLENCIERRO FC
24/09/2025,Pablinistan FC,Blindaje,Vini Jr.,-,0,Blindaje
25/11/2025,Pablinistan FC,Blindaje,Vini Jr.,-,0,Blindaje
24/09/2025,Pablinistan FC,Compra,Cayetano,LALIGA,376077,Compra a LALIGA
24/09/2025,Pablinistan FC,Compra,Dani Olmo,LALIGA,52646460,Compra a LALIGA
24/09/2025,Pablinistan FC,Venta,L. Milla,LALIGA,43165440,Venta a LALIGA
24/09/2025,Pablinistan FC,Venta,Swiderski,LALIGA,339115,Venta a LALIGA
24/09/2025,Vigar24,Compra,Pedri,LALIGA,117691298,Compra a LALIGA
24/09/2025,Visite La Manga FC,Blindaje,Marcos Llorente,-,0,Blindaje
24/09/2025,Visite La Manga FC,Compra,Mbappé,Morenazos FC,220000000,Compra a Morenazos FC
24/09/2025,Visite La Manga FC,Venta,E. Militão,LALIGA,52745980,Venta a LALIGA
24/09/2025,Visite La Manga FC,Venta,Gueye,LALIGA,33795754,Venta a LALIGA
24/09/2025,Visite La Manga FC,Venta,Tenaglia,LALIGA,17378916,Venta a LALIGA
24/10/2025,Alcatamy eSports By,Compra,Natan,LALIGA,33947829,Compra a LALIGA
24/10/2025,Alcatamy eSports By,Venta,Eric,LALIGA,44280826,Venta a LALIGA
24/10/2025,Vigar24,Compra,Bellingham,Pablinistan FC,91043167,Compra a Pablinistan FC
24/10/2025,Vigar24,Compra,Rashford,Alcatamy eSports By,97000000,Compra a Alcatamy eSports By
24/10/2025,Vigar24,Compra,Sow,LALIGA,2500011,Compra a LALIGA
24/10/2025,Vigar24,Venta,Ristic,LALIGA,461405,Venta a LALIGA
24/10/2025,Visite La Manga FC,Compra,A. Rahim,LALIGA,721477,Compra a LALIGA
24/11/2025,GOLENCIERRO FC,Compra,Ayoze,LALIGA,18000000,Compra a LALIGA
24/11/2025,Vigar24,Compra,Lewandowski,Pablinistan FC,81516062,Compra a Pablinistan FC
25/08/2025,Alcatamy eSports By,Compra,Gudelj,LALIGA,2923496,Compra a LALIGA
25/08/2025,Alcatamy eSports By,Compra,Pau López,LALIGA,7062746,Compra a LALIGA
25/08/2025,Alcatamy eSports By,Venta,Brais Méndez,LALIGA,18313510,Venta a LALIGA
25/08/2025,Alcatamy eSports By,Venta,Ugrinic,LALIGA,5620753,Venta a LALIGA
25/08/2025,GOLENCIERRO FC,Compra,Raba,Visite La Manga FC,19500000,Compra a Visite La Manga FC
25/08/2025,Morenazos FC,Compra,Lamine Yamal,LALIGA,143000000,Compra a LALIGA
25/08/2025,Morenazos FC,Venta,Tsygankov,LALIGA,16777345,Venta a LALIGA
25/08/2025,Pablinistan FC,Compra,Álvaro Nuñez,GOLENCIERRO FC,1672043,Compra a GOLENCIERRO FC
25/08/2025,Pablinistan FC,Venta,T. Martinez,LALIGA,2178677,Venta a LALIGA
25/08/2025,Vigar24,Compra,Tchouaméni,Pablinistan FC,45913530,Compra a Pablinistan FC
25/08/2025,Vigar24,Venta,Rubén García,LALIGA,11357417,Venta a LALIGA
25/09/2025,Alcatamy eSports By,Compra,Eric,Pablinistan FC,28086288,Compra a Pablinistan FC
25/09/2025,Pablinistan FC,Compra,Dani Calvo,Morenazos FC,1411596,Compra a Morenazos FC
25/09/2025,Pablinistan FC,Compra,Álvaro Nuñez,Vigar24,6236377,Compra a Vigar24
25/09/2025,Pablinistan FC,Venta,Gudelj,LALIGA,3340101,Venta a LALIGA
25/09/2025,Visite La Manga FC,Compra,Blanco,LALIGA,7389292,Compra a LALIGA
25/10/2025,Alcatamy eSports By,Compra,Amrabat,LALIGA,8039027,Compra a LALIGA
25/10/2025,GOLENCIERRO FC,Compra,Óscar Valentín,LALIGA,1100000,Compra a LALIGA
25/10/2025,Pablinistan FC,Compra,F.,Jong de Vigar24,59710854,Compra a Jong de Vigar24
25/10/2025,Pablinistan FC,Compra,Fornals,Alcatamy eSports By,71227521,Compra a Alcatamy eSports By
25/10/2025,Pablinistan FC,Venta,Rafa Marín,LALIGA,40255776,Venta a LALIGA
25/10/2025,Vigar24,Compra,Barrios,LALIGA,59000000,Compra a LALIGA
25/11/2025,Alcatamy eSports By,Jornada,-,Premios,8800000,Jornada 13
25/11/2025,GOLENCIERRO FC,Jornada,-,Premios,8700000,Jornada 13
25/11/2025,Morenazos FC,Jornada,-,Premios,5500000,Jornada 13
25/11/2025,Pablinistan FC,Jornada,-,Premios,7300000,Jornada 13
25/11/2025,Vigar24,Jornada,-,Premios,8600000,Jornada 13
25/11/2025,Visite La Manga FC,Jornada,-,Premios,7100000,Jornada 13
25/11/2025,Pablinistan FC,Compra,Agirrezabala,Visite La Manga FC,18903850,Compra a Visite La Manga FC
25/11/2025,Pablinistan FC,Venta,Júnior R.,LALIGA,30981920,Venta a LALIGA
25/11/2025,Vigar24,Blindaje,Bellingham,-,0,Blindaje
25/11/2025,Vigar24,Compra,Isco,Pablinistan FC,81245098,Compra a Pablinistan FC
25/11/2025,Vigar24,Compra,Renato Veiga,LALIGA,21852400,Compra a LALIGA
25/11/2025,Vigar24,Venta,Danjuma,LALIGA,32750912,Venta a LALIGA
25/11/2025,Vigar24,Venta,Marcos Llorente,LALIGA,81572262,Venta a LALIGA
26/08/2025,Alcatamy eSports By,Compra,Aramburu,LALIGA,7343725,Compra a LALIGA
26/08/2025,Alcatamy eSports By,Compra,Simeone,LALIGA,6735256,Compra a LALIGA
26/08/2025,Morenazos FC,Jornada,-,Premios,3700000,Jornada 2
26/08/2025,Pablinistan FC,Jornada,-,Premios,8900000,Jornada 2
26/08/2025,GOLENCIERRO FC,Venta,Iñaki Williams,LALIGA,49075586,Venta a LALIGA
26/08/2025,Pablinistan FC,Compra,Ruben,LALIGA,318816,Compra a LALIGA
26/08/2025,Vigar24,Compra,Aleñá,Visite La Manga FC,5403700,Compra a Visite La Manga FC
26/08/2025,Vigar24,Compra,Eric,LALIGA,14256620,Compra a LALIGA
26/08/2025,Vigar24,Compra,Ferran,GOLENCIERRO FC,33282428,Compra a GOLENCIERRO FC
26/08/2025,Vigar24,Compra,Mario Martín,LALIGA,1900000,Compra a LALIGA
26/08/2025,Vigar24,Compra,Maroan,LALIGA,6000001,Compra a LALIGA
26/08/2025,Visite La Manga FC,Once Ideal,-,Premios,200000,11 Ideal
26/09/2025,Alcatamy eSports By,Compra,Pepe,LALIGA,73860899,Compra a LALIGA
26/09/2025,Alcatamy eSports By,Compra,Raíllo,LALIGA,10791168,Compra a LALIGA
26/09/2025,Alcatamy eSports By,Jornada,-,Premios,7900000,Jornada 6
26/09/2025,GOLENCIERRO FC,Jornada,-,Premios,5300000,Jornada 6
26/09/2025,Morenazos FC,Jornada,-,Premios,7300000,Jornada 6
26/09/2025,Vigar24,Jornada,-,Premios,6000000,Jornada 6
26/09/2025,Visite La Manga FC,Jornada,-,Premios,4400000,Jornada 6
26/09/2025,GOLENCIERRO FC,Venta,German V.,LALIGA,10909682,Venta a LALIGA
26/09/2025,GOLENCIERRO FC,Venta,I. Romero,LALIGA,4664737,Venta a LALIGA
26/09/2025,Morenazos FC,Compra,Pere Milla,LALIGA,9785241,Compra a LALIGA
26/09/2025,Pablinistan FC,Once Ideal,-,Premios,300000,11 Ideal
26/09/2025,Pablinistan FC,Venta,Dani Calvo,LALIGA,1551485,Venta a LALIGA
26/09/2025,Pablinistan FC,Venta,Iago Aspas,LALIGA,16921691,Venta a LALIGA
26/09/2025,Vigar24,Compra,Unai Lopez,LALIGA,3000000,Compra a LALIGA
26/09/2025,Vigar24,Venta,Buchanan,LALIGA,35262101,Venta a LALIGA
26/09/2025,Visite La Manga FC,Venta,A. Batalla,LALIGA,12103526,Venta a LALIGA
26/09/2025,Visite La Manga FC,Venta,A. Fortuño,LALIGA,498917,Venta a LALIGA
26/10/2025,Pablinistan FC,Venta,German V.,LALIGA,19758434,Venta a LALIGA
26/11/2025,Alcatamy eSports By,Compra,Gerard,LALIGA,35323221,Compra a LALIGA
26/11/2025,Alcatamy eSports By,Venta,Á. Carreras,LALIGA,90103547,Venta a LALIGA
26/11/2025,GOLENCIERRO FC,Compra,André Silva,LALIGA,9233466,Compra a LALIGA
26/11/2025,GOLENCIERRO FC,Compra,Danjuma,LALIGA,34000000,Compra a LALIGA
26/11/2025,GOLENCIERRO FC,Compra,Gazzaniga,LALIGA,5000001,Compra a LALIGA
26/11/2025,GOLENCIERRO FC,Venta,Rubén García,LALIGA,5691383,Venta a LALIGA
26/11/2025,Pablinistan FC,Compra,Gorrotxa,GOLENCIERRO FC,3000000,Compra a GOLENCIERRO FC
26/11/2025,Pablinistan FC,Compra,Héctor Fort,LALIGA,971937,Compra a LALIGA
26/11/2025,Pablinistan FC,Compra,Raphinha,Morenazos FC,190031541,Compra a Morenazos FC
26/11/2025,Vigar24,Compra,A. Pedraza,Pablinistan FC,1624797,Compra a Pablinistan FC
26/11/2025,Vigar24,Venta,Fornals,LALIGA,78873857,Venta a LALIGA
26/11/2025,Visite La Manga FC,Compra,Dmitrovic,GOLENCIERRO FC,19300491,Compra a GOLENCIERRO FC
26/11/2025,Visite La Manga FC,Compra,Óscar Valentín,GOLENCIERRO FC,1100000,Compra a GOLENCIERRO FC
27/08/2025,Alcatamy eSports By,Compra,Cucho,LALIGA,10296859,Compra a LALIGA
27/08/2025,Alcatamy eSports By,Compra,F. Mastantuono,LALIGA,26352610,Compra a LALIGA
27/08/2025,GOLENCIERRO FC,Blindaje,Catena,-,0,Blindaje
27/08/2025,GOLENCIERRO FC,Compra,Leo Román,LALIGA,7000000,Compra a LALIGA
27/08/2025,GOLENCIERRO FC,Venta,Nyland,LALIGA,5876562,Venta a LALIGA
27/08/2025,Morenazos FC,Venta,Conor Gallagher,LALIGA,11127069,Venta a LALIGA
27/08/2025,Visite La Manga FC,Compra,Brais Méndez,LALIGA,18100000,Compra a LALIGA
27/08/2025,Visite La Manga FC,Compra,Pathé I. Ciss,LALIGA,4100000,Compra a LALIGA
27/09/2025,Alcatamy eSports By,Venta,Nico Gonzalez,LALIGA,28193185,Venta a LALIGA
27/09/2025,GOLENCIERRO FC,Compra,Iñigo Perez,LALIGA,1042282,Compra a LALIGA
27/09/2025,Morenazos FC,Compra,Bryan,LALIGA,11993467,Compra a LALIGA
27/09/2025,Morenazos FC,Compra,Tchouaméni,LALIGA,59319300,Compra a LALIGA
27/09/2025,Pablinistan FC,Compra,Laporte,LALIGA,27202250,Compra a LALIGA
27/09/2025,Visite La Manga FC,Compra,El Hilali,LALIGA,5500000,Compra a LALIGA
27/09/2025,Visite La Manga FC,Venta,A. J. Morales,LALIGA,3231557,Venta a LALIGA
27/09/2025,Visite La Manga FC,Venta,José Bordalás,LALIGA,809938,Venta a LALIGA
27/10/2025,Pablinistan FC,Compra,Sergio Gómez,GOLENCIERRO FC,8800283,Compra a GOLENCIERRO FC
27/10/2025,Vigar24,Compra,Ez Abde,GOLENCIERRO FC,23901814,Compra a GOLENCIERRO FC
27/10/2025,Vigar24,Venta,Laporte,LALIGA,28001761,Venta a LALIGA
27/10/2025,Vigar24,Venta,Pedri,LALIGA,139455015,Venta a LALIGA
27/10/2025,Visite La Manga FC,Compra,Aleñá,LALIGA,13301663,Compra a LALIGA
27/11/2025,Alcatamy eSports By,Venta,Fermín,LALIGA,95223490,Venta a LALIGA
27/11/2025,GOLENCIERRO FC,Compra,Raíllo,LALIGA,6509818,Compra a LALIGA
27/11/2025,GOLENCIERRO FC,Venta,David Carmo,LALIGA,1927451,Venta a LALIGA
27/11/2025,GOLENCIERRO FC,Venta,Witsel,LALIGA,4370970,Venta a LALIGA
27/11/2025,Vigar24,Compra,Lunin,LALIGA,1000002,Compra a LALIGA
28/08/2025,Pablinistan FC,Compra,Turrientes,LALIGA,2600264,Compra a LALIGA
28/09/2025,Alcatamy eSports By,Blindaje,De Frutos,-,0,Blindaje
28/09/2025,GOLENCIERRO FC,Compra,Budimir,LALIGA,39000001,Compra a LALIGA
28/09/2025,GOLENCIERRO FC,Compra,Griezmann,LALIGA,24000001,Compra a LALIGA
28/09/2025,GOLENCIERRO FC,Compra,Valjent,LALIGA,8000001,Compra a LALIGA
28/09/2025,GOLENCIERRO FC,Venta,Berenguer,LALIGA,34444800,Venta a LALIGA
28/09/2025,GOLENCIERRO FC,Venta,F. Garcés,LALIGA,6438843,Venta a LALIGA
28/09/2025,Visite La Manga FC,Compra,Tárrega,GOLENCIERRO FC,17981045,Compra a GOLENCIERRO FC
28/09/2025,Visite La Manga FC,Venta,Carvajal,LALIGA,32721801,Venta a LALIGA
28/10/2025,Alcatamy eSports By,Blindaje,E. Militão,-,0,Blindaje
28/10/2025,Alcatamy eSports By,Jornada,-,Premios,8100000,Jornada 10
28/10/2025,GOLENCIERRO FC,Jornada,-,Premios,6200000,Jornada 10
28/10/2025,Morenazos FC,Jornada,-,Premios,3000000,Jornada 10
28/10/2025,Vigar24,Jornada,-,Premios,4700000,Jornada 10
28/10/2025,GOLENCIERRO FC,Compra,Dmitrovic,Visite La Manga FC,14126944,Compra a Visite La Manga FC
28/10/2025,Pablinistan FC,Compra,Arnau Tenas,Vigar24,2000000,Compra a Vigar24
28/10/2025,Vigar24,Compra,Júnior R.,LALIGA,16510525,Compra a LALIGA
28/10/2025,Vigar24,Compra,L. Milla,Alcatamy eSports By,76082394,Compra a Alcatamy eSports By
28/10/2025,Vigar24,Venta,Barrios,LALIGA,60685623,Venta a LALIGA
28/10/2025,Vigar24,Venta,Álvaro García,LALIGA,34125329,Venta a LALIGA
28/10/2025,Visite La Manga FC,Compra,Agirrezabala,Vigar24,18903850,Compra a Vigar24
28/10/2025,Visite La Manga FC,Venta,Pathé I. Ciss,LALIGA,12705780,Venta a LALIGA
28/11/2025,Alcatamy eSports By,Compra,Álex Baena,Pablinistan FC,80000000,Compra a Pablinistan FC
28/11/2025,Alcatamy eSports By,Venta,Suazo,LALIGA,6181156,Venta a LALIGA
28/11/2025,Pablinistan FC,Compra,Dolan,LALIGA,5000110,Compra a LALIGA
28/11/2025,Pablinistan FC,Compra,Jon Martin,LALIGA,1200448,Compra a LALIGA
28/11/2025,Vigar24,Compra,Arambarri,LALIGA,16800004,Compra a LALIGA
29/08/2025,GOLENCIERRO FC,Compra,Iñaki Peña,LALIGA,1491243,Compra a LALIGA
29/08/2025,Vigar24,Compra,Riquelme,Alcatamy eSports By,25000000,Compra a Alcatamy eSports By
29/08/2025,Vigar24,Venta,Aleñá,LALIGA,6499357,Venta a LALIGA
29/08/2025,Visite La Manga FC,Compra,Zubeldia,Alcatamy eSports By,17900000,Compra a Alcatamy eSports By
29/08/2025,Visite La Manga FC,Venta,Brais Méndez,LALIGA,16796481,Venta a LALIGA
29/08/2025,Visite La Manga FC,Venta,C. Dominguez,LALIGA,573179,Venta a LALIGA
29/08/2025,Visite La Manga FC,Venta,Danjuma,LALIGA,6983253,Venta a LALIGA
29/09/2025,Alcatamy eSports By,Compra,Antony,LALIGA,88892996,Compra a LALIGA
29/09/2025,Alcatamy eSports By,Compra,E. Militão,LALIGA,51909269,Compra a LALIGA
29/09/2025,GOLENCIERRO FC,Compra,Alex Moreno,LALIGA,5000000,Compra a LALIGA
29/09/2025,Morenazos FC,Venta,Tchouaméni,LALIGA,58254359,Venta a LALIGA
29/10/2025,Vigar24,Compra,Á. Carreras,LALIGA,60814223,Compra a LALIGA
29/11/2025,Alcatamy eSports By,Compra,Barrenetxea,LALIGA,55550000,Compra a LALIGA
29/11/2025,Alcatamy eSports By,Venta,Oyarzabal,LALIGA,66057048,Venta a LALIGA
29/11/2025,GOLENCIERRO FC,Compra,A. Liso,LALIGA,6766670,Compra a LALIGA
29/11/2025,GOLENCIERRO FC,Compra,David Soria,LALIGA,13561809,Compra a LALIGA
29/11/2025,GOLENCIERRO FC,Venta,Akor,LALIGA,1131930,Venta a LALIGA
29/11/2025,Morenazos FC,Compra,Griezmann,LALIGA,25455081,Compra a LALIGA
29/11/2025,Pablinistan FC,Venta,Dela,LALIGA,597516,Venta a LALIGA
29/11/2025,Pablinistan FC,Venta,Iñaki Peña,LALIGA,1973601,Venta a LALIGA
29/11/2025,Pablinistan FC,Venta,Maffeo,LALIGA,2996202,Venta a LALIGA
29/11/2025,Pablinistan FC,Venta,Rondón,LALIGA,631604,Venta a LALIGA
29/11/2025,Vigar24,Compra,Huijsen,LALIGA,59122453,Compra a LALIGA
29/11/2025,Vigar24,Compra,Koke,LALIGA,11848900,Compra a LALIGA
29/11/2025,Vigar24,Venta,Cayetano,LALIGA,516423,Venta a LALIGA
30/08/2025,GOLENCIERRO FC,Venta,D. Cárdenas,LALIGA,551841,Venta a LALIGA
30/08/2025,GOLENCIERRO FC,Venta,Raba,LALIGA,17820680,Venta a LALIGA
30/08/2025,Vigar24,Compra,Dani Olmo,LALIGA,43527745,Compra a LALIGA
30/08/2025,Vigar24,Compra,German V.,LALIGA,3400000,Compra a LALIGA
30/08/2025,Vigar24,Venta,Ruggeri,LALIGA,18821898,Venta a LALIGA
30/09/2025,GOLENCIERRO FC,Compra,De Frutos,Alcatamy eSports By,30477321,Compra a Alcatamy eSports By
30/09/2025,GOLENCIERRO FC,Compra,Dendoncker,Morenazos FC,6377160,Compra a Morenazos FC
30/09/2025,GOLENCIERRO FC,Compra,Hassan,Visite La Manga FC,3987843,Compra a Visite La Manga FC
30/09/2025,GOLENCIERRO FC,Compra,Pathé I. Ciss,Morenazos FC,8158533,Compra a Morenazos FC
30/09/2025,GOLENCIERRO FC,Venta,Budimir,LALIGA,39112956,Venta a LALIGA
30/09/2025,Morenazos FC,Compra,Bryan Gil,LALIGA,8711629,Compra a LALIGA
30/09/2025,Morenazos FC,Compra,Ruggeri,LALIGA,9715641,Compra a LALIGA
30/09/2025,Visite La Manga FC,Compra,Arambarri,GOLENCIERRO FC,15406158,Compra a GOLENCIERRO FC
30/09/2025,Visite La Manga FC,Compra,Febas,GOLENCIERRO FC,3062130,Compra a GOLENCIERRO FC
30/09/2025,Visite La Manga FC,Venta,Altimira,LALIGA,16001843,Venta a LALIGA
30/10/2025,Alcatamy eSports By,Compra,Mestre,LALIGA,486011,Compra a LALIGA
30/10/2025,Alcatamy eSports By,Venta,Krapyvtsov,LALIGA,468188,Venta a LALIGA
30/10/2025,Pablinistan FC,Compra,Manuel Fernández,Vigar24,1000001,Compra a Vigar24
30/10/2025,Vigar24,Blindaje,Juan Iglesias,-,0,Blindaje
30/10/2025,Vigar24,Compra,Marcos Llorente,Pablinistan FC,71497163,Compra a Pablinistan FC
30/11/2025,GOLENCIERRO FC,Venta,Aitor Fdez,LALIGA,589731,Venta a LALIGA
30/11/2025,Morenazos FC,Compra,B. Iglesias,LALIGA,18684944,Compra a LALIGA
30/11/2025,Pablinistan FC,Compra,A. Moleiro,Alcatamy eSports By,82561476,Compra a Alcatamy eSports By
30/11/2025,Pablinistan FC,Compra,Brais Méndez,Visite La Manga FC,24907972,Compra a Visite La Manga FC
30/11/2025,Pablinistan FC,Compra,Ounahi,Visite La Manga FC,14426357,Compra a Visite La Manga FC
30/11/2025,Pablinistan FC,Compra,Á. Valles,LALIGA,3859409,Compra a LALIGA
30/11/2025,Vigar24,Venta,Renato Veiga,LALIGA,23375171,Venta a LALIGA
30/11/2025,Visite La Manga FC,Compra,Cabrera,LALIGA,9451994,Compra a LALIGA
31/08/2025,Alcatamy eSports By,Compra,Edu Expósito,LALIGA,7370104,Compra a LALIGA
31/08/2025,GOLENCIERRO FC,Compra,Jauregizar,LALIGA,10028596,Compra a LALIGA
31/08/2025,Morenazos FC,Compra,Rioja,LALIGA,17600000,Compra a LALIGA
31/08/2025,Vigar24,Venta,De Galarreta,LALIGA,9806122,Venta a LALIGA
31/08/2025,Vigar24,Venta,Mario Martín,LALIGA,1753827,Venta a LALIGA
31/08/2025,Visite La Manga FC,Compra,Víctor Muñoz,LALIGA,2551415,Compra a LALIGA
31/10/2025,Alcatamy eSports By,Compra,De Frutos,Vigar24,51129893,Compra a Vigar24
31/10/2025,Alcatamy eSports By,Compra,Valverde,LALIGA,87532200,Compra a LALIGA
31/10/2025,Morenazos FC,Compra,Muriqi,LALIGA,20924810,Compra a LALIGA
31/10/2025,Pablinistan FC,Compra,E. Militão,Alcatamy eSports By,65909269,Compra a Alcatamy eSports By
31/10/2025,Pablinistan FC,Compra,Isco,LALIGA,13281863,Compra a LALIGA
31/10/2025,Pablinistan FC,Venta,Manuel Fernández,LALIGA,767707,Venta a LALIGA
31/10/2025,Visite La Manga FC,Compra,Maffeo,LALIGA,3050000,Compra a LALIGA
